{
  "accuracy": 0.82295,
  "precision": 0.8505251264668875,
  "recall": 0.7359463182686753,
  "f1": 0.7890981429201062,
  "confusion_matrix": [
    [
      49173,
      5821
    ],
    [
      11884,
      33122
    ]
  ]
}